<Challenge>
    <LessonChallenges>
      <LessonChallenge>
        <Buttons>
        </Buttons>
  <ChallengeOptions>
	<ChallengeOption>
            <ChallengeOptionType>BUTTON</ChallengeOptionType>
	  <ButtonLocationType>CHALLENGE_1</ButtonLocationType>
            <Reward>
              <Points>-2147483646</Points>
            </Reward>
	  <Text>largest forests are in the East </Text>
	  <Timer></Timer>
	  <TransitionType>ADDITIONAL</TransitionType>
	  <AdditionalScreens>
		<AdditionalScreen xmlns:xsi="http://www.w3.org/2001/XMLSchema-instance" xsi:type="learningObjectiveFailure">
		  <Buttons>
			<Button>
			  <ButtonLocationType>NEXT</ButtonLocationType>
			  <Text>Retry</Text>
			  <Timer></Timer>
			  <TransitionType>CURRENT_CHALLENGE</TransitionType>
			</Button>
		  </Buttons>
		  <Characters>
			<Character>
			  <CharacterType>VILLIAN</CharacterType>
			  <Timer></Timer>
			</Character>
			<Character>
			  <CharacterType>HERO</CharacterType>
			  <Timer></Timer>
			</Character>
		  </Characters>
		  <InformationBoxes>
			<InformationBox>
			  <Text>You answered incorrectly!</Text>
			  <TextType>ALT1</TextType>
			  <Timer></Timer>
			</InformationBox>
			<InformationBox>
			  <Text>Don't worry! You can try again.</Text>
			  <TextType>HERO</TextType>
			  <Timer></Timer>
			</InformationBox>
		  </InformationBoxes>
		  <ChallengeOptions />
		  <Timer></Timer>
		</AdditionalScreen>
	  </AdditionalScreens>
	  <ChallengeOptionType>BUTTON</ChallengeOptionType>
	</ChallengeOption>
          <ChallengeOption>
            <ChallengeOptionType>BUTTON</ChallengeOptionType>
            <ButtonLocationType>CHALLENGE_2</ButtonLocationType>
            <Reward>
              <Points>-2147483646</Points>
            </Reward>
            <Text>best agricultural land is in the East </Text>
            <Timer></Timer>
            <TransitionType>BEGINNING_OF_CHALLENGE</TransitionType>
          </ChallengeOption>
          <ChallengeOption>
            <ChallengeOptionType>BUTTON</ChallengeOptionType>
            <ButtonLocationType>CHALLENGE_3</ButtonLocationType>
            <Reward>
              <Points>2</Points>
            </Reward>
            <Text>best fishing areas are off the eastern coast </Text>
            <Timer></Timer>
            <TransitionType>END_OF_STORY</TransitionType>
          </ChallengeOption>
          <ChallengeOption>
            <ChallengeOptionType>BUTTON</ChallengeOptionType>
            <ButtonLocationType>CHALLENGE_4</ButtonLocationType>
            <Reward>
              <Points>-2147483646</Points>
            </Reward>
            <Text>largest oil deposits are in the East	</Text>
            <Timer></Timer>
            <TransitionType>BEGINNING_OF_LESSON</TransitionType>
          </ChallengeOption>
  </ChallengeOptions>
        <Characters>
          <Character>
            <CharacterType>HERO</CharacterType>
            <MovementType></MovementType>
            <Timer></Timer>
          </Character>
        </Characters>
        <InformationBoxes>
          <InformationBox>
            <Text>You can do it!!</Text>
            <TextType>HERO</TextType>
            <Timer></Timer>
          </InformationBox>
          <InformationBox>
            <Text>Using Answer:</Text>
            <TextType>CHALLENGE_QUESTION</TextType>
            <Timer></Timer>
          </InformationBox>
          <InformationBox>
            <Text>Which statement best explains why most of the population of the people’s Republic of China live in the eastern third of the nation? </Text>
            <TextType>CHALLENGE_DESCRIPTION</TextType>
            <Timer></Timer>
          </InformationBox>
        </InformationBoxes>
        <Timer>60</Timer>
      </LessonChallenge>
<LessonChallenge>
        <Buttons>
        </Buttons>
  <ChallengeOptions>
	<ChallengeOption>
            <ChallengeOptionType>BUTTON</ChallengeOptionType>
	  <ButtonLocationType>CHALLENGE_1</ButtonLocationType>
            <Reward>
              <Points>-2147483646</Points>
            </Reward>
	  <Text> Japan has extensively used the seas for fishing  </Text>
	  <Timer></Timer>
	  <TransitionType>ADDITIONAL</TransitionType>
	  <AdditionalScreens>
		<AdditionalScreen xmlns:xsi="http://www.w3.org/2001/XMLSchema-instance" xsi:type="learningObjectiveFailure">
		  <Buttons>
			<Button>
			  <ButtonLocationType>NEXT</ButtonLocationType>
			  <Text>Retry</Text>
			  <Timer></Timer>
			  <TransitionType>CURRENT_CHALLENGE</TransitionType>
			</Button>
		  </Buttons>
		  <Characters>
			<Character>
			  <CharacterType>VILLIAN</CharacterType>
			  <Timer></Timer>
			</Character>
			<Character>
			  <CharacterType>HERO</CharacterType>
			  <Timer></Timer>
			</Character>
		  </Characters>
		  <InformationBoxes>
			<InformationBox>
			  <Text>You answered incorrectly!</Text>
			  <TextType>ALT1</TextType>
			  <Timer></Timer>
			</InformationBox>
			<InformationBox>
			  <Text>Don't worry! You can try again.</Text>
			  <TextType>HERO</TextType>
			  <Timer></Timer>
			</InformationBox>
		  </InformationBoxes>
		  <ChallengeOptions />
		  <Timer></Timer>
		</AdditionalScreen>
	  </AdditionalScreens>
	  <ChallengeOptionType>BUTTON</ChallengeOptionType>
	</ChallengeOption>
          <ChallengeOption>
            <ChallengeOptionType>BUTTON</ChallengeOptionType>
            <ButtonLocationType>CHALLENGE_2</ButtonLocationType>
            <Reward>
              <Points>-2147483646</Points>
            </Reward>
            <Text>large reserves of petroleum are located in the northern part of Japan  </Text>
            <Timer></Timer>
            <TransitionType>BEGINNING_OF_CHALLENGE</TransitionType>
          </ChallengeOption>
          <ChallengeOption>
            <ChallengeOptionType>BUTTON</ChallengeOptionType>
            <ButtonLocationType>CHALLENGE_3</ButtonLocationType>
            <Reward>
              <Points>2</Points>
            </Reward>
            <Text>Japan has large fertile plains suitable for growing grain  </Text>
            <Timer></Timer>
            <TransitionType>END_OF_STORY</TransitionType>
          </ChallengeOption>
          <ChallengeOption>
            <ChallengeOptionType>BUTTON</ChallengeOptionType>
            <ButtonLocationType>CHALLENGE_4</ButtonLocationType>
            <Reward>
              <Points>-2147483646</Points>
            </Reward>
            <Text>large coal and iron-ore deposits are located in the mountain region	</Text>
            <Timer></Timer>
            <TransitionType>BEGINNING_OF_LESSON</TransitionType>
          </ChallengeOption>
  </ChallengeOptions>
        <Characters>
          <Character>
            <CharacterType>HERO</CharacterType>
            <MovementType></MovementType>
            <Timer></Timer>
          </Character>
        </Characters>
        <InformationBoxes>
          <InformationBox>
            <Text>You can do it!!</Text>
            <TextType>HERO</TextType>
            <Timer></Timer>
          </InformationBox>
          <InformationBox>
            <Text>Using Answer:</Text>
            <TextType>CHALLENGE_QUESTION</TextType>
            <Timer></Timer>
          </InformationBox>
          <InformationBox>
            <Text>Which is an accurate statement about Japan’s natural resources? </Text>
            <TextType>CHALLENGE_DESCRIPTION</TextType>
            <Timer></Timer>
          </InformationBox>
        </InformationBoxes>
        <Timer>60</Timer>
      </LessonChallenge>
<LessonChallenge>
        <Buttons>
        </Buttons>
  <ChallengeOptions>
	<ChallengeOption>
            <ChallengeOptionType>BUTTON</ChallengeOptionType>
	  <ButtonLocationType>CHALLENGE_1</ButtonLocationType>
            <Reward>
              <Points>-2147483646</Points>
            </Reward>
	  <Text>natural resources  </Text>
	  <Timer></Timer>
	  <TransitionType>ADDITIONAL</TransitionType>
	  <AdditionalScreens>
		<AdditionalScreen xmlns:xsi="http://www.w3.org/2001/XMLSchema-instance" xsi:type="learningObjectiveFailure">
		  <Buttons>
			<Button>
			  <ButtonLocationType>NEXT</ButtonLocationType>
			  <Text>Retry</Text>
			  <Timer></Timer>
			  <TransitionType>CURRENT_CHALLENGE</TransitionType>
			</Button>
		  </Buttons>
		  <Characters>
			<Character>
			  <CharacterType>VILLIAN</CharacterType>
			  <Timer></Timer>
			</Character>
			<Character>
			  <CharacterType>HERO</CharacterType>
			  <Timer></Timer>
			</Character>
		  </Characters>
		  <InformationBoxes>
			<InformationBox>
			  <Text>You answered incorrectly!</Text>
			  <TextType>ALT1</TextType>
			  <Timer></Timer>
			</InformationBox>
			<InformationBox>
			  <Text>Don't worry! You can try again.</Text>
			  <TextType>HERO</TextType>
			  <Timer></Timer>
			</InformationBox>
		  </InformationBoxes>
		  <ChallengeOptions />
		  <Timer></Timer>
		</AdditionalScreen>
	  </AdditionalScreens>
	  <ChallengeOptionType>BUTTON</ChallengeOptionType>
	</ChallengeOption>
          <ChallengeOption>
            <ChallengeOptionType>BUTTON</ChallengeOptionType>
            <ButtonLocationType>CHALLENGE_2</ButtonLocationType>
            <Reward>
              <Points>-2147483646</Points>
            </Reward>
            <Text>investment capital </Text>
            <Timer></Timer>
            <TransitionType>BEGINNING_OF_CHALLENGE</TransitionType>
          </ChallengeOption>
          <ChallengeOption>
            <ChallengeOptionType>BUTTON</ChallengeOptionType>
            <ButtonLocationType>CHALLENGE_3</ButtonLocationType>
            <Reward>
              <Points>2</Points>
            </Reward>
            <Text>skilled labor  </Text>
            <Timer></Timer>
            <TransitionType>END_OF_STORY</TransitionType>
          </ChallengeOption>
          <ChallengeOption>
            <ChallengeOptionType>BUTTON</ChallengeOptionType>
            <ButtonLocationType>CHALLENGE_4</ButtonLocationType>
            <Reward>
              <Points>-2147483646</Points>
            </Reward>
            <Text>experienced management</Text>
            <Timer></Timer>
            <TransitionType>BEGINNING_OF_LESSON</TransitionType>
          </ChallengeOption>
  </ChallengeOptions>
        <Characters>
          <Character>
            <CharacterType>HERO</CharacterType>
            <MovementType></MovementType>
            <Timer></Timer>
          </Character>
        </Characters>
        <InformationBoxes>
          <InformationBox>
            <Text>You can do it!!</Text>
            <TextType>HERO</TextType>
            <Timer></Timer>
          </InformationBox>
          <InformationBox>
            <Text>Using Answer:</Text>
            <TextType>CHALLENGE_QUESTION</TextType>
            <Timer></Timer>
          </InformationBox>
          <InformationBox>
            <Text>In Japan, a major economic problem has been the lack of ? </Text>
            <TextType>CHALLENGE_DESCRIPTION</TextType>
            <Timer></Timer>
          </InformationBox>
        </InformationBoxes>
        <Timer>60</Timer>
      </LessonChallenge>
<LessonChallenge>
        <Buttons>
        </Buttons>
  <ChallengeOptions>
	<ChallengeOption>
            <ChallengeOptionType>BUTTON</ChallengeOptionType>
	  <ButtonLocationType>CHALLENGE_1</ButtonLocationType>
            <Reward>
              <Points>-2147483646</Points>
            </Reward>
	  <Text>Japan’s smooth coastline has prevented the development of a fishing industry  </Text>
	  <Timer></Timer>
	  <TransitionType>ADDITIONAL</TransitionType>
	  <AdditionalScreens>
		<AdditionalScreen xmlns:xsi="http://www.w3.org/2001/XMLSchema-instance" xsi:type="learningObjectiveFailure">
		  <Buttons>
			<Button>
			  <ButtonLocationType>NEXT</ButtonLocationType>
			  <Text>Retry</Text>
			  <Timer></Timer>
			  <TransitionType>CURRENT_CHALLENGE</TransitionType>
			</Button>
		  </Buttons>
		  <Characters>
			<Character>
			  <CharacterType>VILLIAN</CharacterType>
			  <Timer></Timer>
			</Character>
			<Character>
			  <CharacterType>HERO</CharacterType>
			  <Timer></Timer>
			</Character>
		  </Characters>
		  <InformationBoxes>
			<InformationBox>
			  <Text>You answered incorrectly!</Text>
			  <TextType>ALT1</TextType>
			  <Timer></Timer>
			</InformationBox>
			<InformationBox>
			  <Text>Don't worry! You can try again.</Text>
			  <TextType>HERO</TextType>
			  <Timer></Timer>
			</InformationBox>
		  </InformationBoxes>
		  <ChallengeOptions />
		  <Timer></Timer>
		</AdditionalScreen>
	  </AdditionalScreens>
	  <ChallengeOptionType>BUTTON</ChallengeOptionType>
	</ChallengeOption>
          <ChallengeOption>
            <ChallengeOptionType>BUTTON</ChallengeOptionType>
            <ButtonLocationType>CHALLENGE_2</ButtonLocationType>
            <Reward>
              <Points>-2147483646</Points>
            </Reward>
            <Text>Japan’s large plains have made wheat growing a primary industry  </Text>
            <Timer></Timer>
            <TransitionType>BEGINNING_OF_CHALLENGE</TransitionType>
          </ChallengeOption>
          <ChallengeOption>
            <ChallengeOptionType>BUTTON</ChallengeOptionType>
            <ButtonLocationType>CHALLENGE_3</ButtonLocationType>
            <Reward>
              <Points>2</Points>
            </Reward>
            <Text> the lack of important natural resources has led Japan to depend on trade with other nations </Text>
            <Timer></Timer>
            <TransitionType>END_OF_STORY</TransitionType>
          </ChallengeOption>
          <ChallengeOption>
            <ChallengeOptionType>BUTTON</ChallengeOptionType>
            <ButtonLocationType>CHALLENGE_4</ButtonLocationType>
            <Reward>
              <Points>-2147483646</Points>
            </Reward>
            <Text>the location of Japan has encouraged great ethnic diversity within the nation	</Text>
            <Timer></Timer>
            <TransitionType>BEGINNING_OF_LESSON</TransitionType>
          </ChallengeOption>
  </ChallengeOptions>
        <Characters>
          <Character>
            <CharacterType>HERO</CharacterType>
            <MovementType></MovementType>
            <Timer></Timer>
          </Character>
        </Characters>
        <InformationBoxes>
          <InformationBox>
            <Text>You can do it!!</Text>
            <TextType>HERO</TextType>
            <Timer></Timer>
          </InformationBox>
          <InformationBox>
            <Text>Using Answer:</Text>
            <TextType>CHALLENGE_QUESTION</TextType>
            <Timer></Timer>
          </InformationBox>
          <InformationBox>
            <Text>Which statement best describes an effect that geography has had on Japan? </Text>
            <TextType>CHALLENGE_DESCRIPTION</TextType>
            <Timer></Timer>
          </InformationBox>
        </InformationBoxes>
        <Timer>60</Timer>
      </LessonChallenge>
<LessonChallenge>
        <Buttons>
        </Buttons>
  <ChallengeOptions>
	<ChallengeOption>
            <ChallengeOptionType>BUTTON</ChallengeOptionType>
	  <ButtonLocationType>CHALLENGE_1</ButtonLocationType>
            <Reward>
              <Points>-2147483646</Points>
            </Reward>
	  <Text>an archipelago  </Text>
	  <Timer></Timer>
	  <TransitionType>ADDITIONAL</TransitionType>
	  <AdditionalScreens>
		<AdditionalScreen xmlns:xsi="http://www.w3.org/2001/XMLSchema-instance" xsi:type="learningObjectiveFailure">
		  <Buttons>
			<Button>
			  <ButtonLocationType>NEXT</ButtonLocationType>
			  <Text>Retry</Text>
			  <Timer></Timer>
			  <TransitionType>CURRENT_CHALLENGE</TransitionType>
			</Button>
		  </Buttons>
		  <Characters>
			<Character>
			  <CharacterType>VILLIAN</CharacterType>
			  <Timer></Timer>
			</Character>
			<Character>
			  <CharacterType>HERO</CharacterType>
			  <Timer></Timer>
			</Character>
		  </Characters>
		  <InformationBoxes>
			<InformationBox>
			  <Text>You answered incorrectly!</Text>
			  <TextType>ALT1</TextType>
			  <Timer></Timer>
			</InformationBox>
			<InformationBox>
			  <Text>Don't worry! You can try again.</Text>
			  <TextType>HERO</TextType>
			  <Timer></Timer>
			</InformationBox>
		  </InformationBoxes>
		  <ChallengeOptions />
		  <Timer></Timer>
		</AdditionalScreen>
	  </AdditionalScreens>
	  <ChallengeOptionType>BUTTON</ChallengeOptionType>
	</ChallengeOption>
          <ChallengeOption>
            <ChallengeOptionType>BUTTON</ChallengeOptionType>
            <ButtonLocationType>CHALLENGE_2</ButtonLocationType>
            <Reward>
              <Points>-2147483646</Points>
            </Reward>
            <Text>a peninsula  </Text>
            <Timer></Timer>
            <TransitionType>BEGINNING_OF_CHALLENGE</TransitionType>
          </ChallengeOption>
          <ChallengeOption>
            <ChallengeOptionType>BUTTON</ChallengeOptionType>
            <ButtonLocationType>CHALLENGE_3</ButtonLocationType>
            <Reward>
              <Points>2</Points>
            </Reward>
            <Text>a delta </Text>
            <Timer></Timer>
            <TransitionType>END_OF_STORY</TransitionType>
          </ChallengeOption>
          <ChallengeOption>
            <ChallengeOptionType>BUTTON</ChallengeOptionType>
            <ButtonLocationType>CHALLENGE_4</ButtonLocationType>
            <Reward>
              <Points>-2147483646</Points>
            </Reward>
            <Text> an atoll </Text>
            <Timer></Timer>
            <TransitionType>BEGINNING_OF_LESSON</TransitionType>
          </ChallengeOption>
  </ChallengeOptions>
        <Characters>
          <Character>
            <CharacterType>HERO</CharacterType>
            <MovementType></MovementType>
            <Timer></Timer>
          </Character>
        </Characters>
        <InformationBoxes>
          <InformationBox>
            <Text>You can do it!!</Text>
            <TextType>HERO</TextType>
            <Timer></Timer>
          </InformationBox>
          <InformationBox>
            <Text>Using Answer:</Text>
            <TextType>CHALLENGE_QUESTION</TextType>
            <Timer></Timer>
          </InformationBox>
          <InformationBox>
            <Text>Both Japan and Indonesia are made up of a chain of islands called ?</Text>
            <TextType>CHALLENGE_DESCRIPTION</TextType>
            <Timer></Timer>
          </InformationBox>
        </InformationBoxes>
        <Timer>60</Timer>
      </LessonChallenge>
<LessonChallenge>
        <Buttons>
        </Buttons>
  <ChallengeOptions>
	<ChallengeOption>
            <ChallengeOptionType>BUTTON</ChallengeOptionType>
	  <ButtonLocationType>CHALLENGE_1</ButtonLocationType>
            <Reward>
              <Points>-2147483646</Points>
            </Reward>
	  <Text> areas of the Western Hemisphere south of the United States  </Text>
	  <Timer></Timer>
	  <TransitionType>ADDITIONAL</TransitionType>
	  <AdditionalScreens>
		<AdditionalScreen xmlns:xsi="http://www.w3.org/2001/XMLSchema-instance" xsi:type="learningObjectiveFailure">
		  <Buttons>
			<Button>
			  <ButtonLocationType>NEXT</ButtonLocationType>
			  <Text>Retry</Text>
			  <Timer></Timer>
			  <TransitionType>CURRENT_CHALLENGE</TransitionType>
			</Button>
		  </Buttons>
		  <Characters>
			<Character>
			  <CharacterType>VILLIAN</CharacterType>
			  <Timer></Timer>
			</Character>
			<Character>
			  <CharacterType>HERO</CharacterType>
			  <Timer></Timer>
			</Character>
		  </Characters>
		  <InformationBoxes>
			<InformationBox>
			  <Text>You answered incorrectly!</Text>
			  <TextType>ALT1</TextType>
			  <Timer></Timer>
			</InformationBox>
			<InformationBox>
			  <Text>Don't worry! You can try again.</Text>
			  <TextType>HERO</TextType>
			  <Timer></Timer>
			</InformationBox>
		  </InformationBoxes>
		  <ChallengeOptions />
		  <Timer></Timer>
		</AdditionalScreen>
	  </AdditionalScreens>
	  <ChallengeOptionType>BUTTON</ChallengeOptionType>
	</ChallengeOption>
          <ChallengeOption>
            <ChallengeOptionType>BUTTON</ChallengeOptionType>
            <ButtonLocationType>CHALLENGE_2</ButtonLocationType>
            <Reward>
              <Points>-2147483646</Points>
            </Reward>
            <Text>countries that belong to the Organization of American States  </Text>
            <Timer></Timer>
            <TransitionType>BEGINNING_OF_CHALLENGE</TransitionType>
          </ChallengeOption>
          <ChallengeOption>
            <ChallengeOptionType>BUTTON</ChallengeOptionType>
            <ButtonLocationType>CHALLENGE_3</ButtonLocationType>
            <Reward>
              <Points>2</Points>
            </Reward>
            <Text>continents of North and South America </Text>
            <Timer></Timer>
            <TransitionType>END_OF_STORY</TransitionType>
          </ChallengeOption>
          <ChallengeOption>
            <ChallengeOptionType>BUTTON</ChallengeOptionType>
            <ButtonLocationType>CHALLENGE_4</ButtonLocationType>
            <Reward>
              <Points>-2147483646</Points>
            </Reward>
            <Text>countries that have close economic ties with Spain </Text>
            <Timer></Timer>
            <TransitionType>BEGINNING_OF_LESSON</TransitionType>
          </ChallengeOption>
  </ChallengeOptions>
        <Characters>
          <Character>
            <CharacterType>HERO</CharacterType>
            <MovementType></MovementType>
            <Timer></Timer>
          </Character>
        </Characters>
        <InformationBoxes>
          <InformationBox>
            <Text>You can do it!!</Text>
            <TextType>HERO</TextType>
            <Timer></Timer>
          </InformationBox>
          <InformationBox>
            <Text>Using Answer:</Text>
            <TextType>CHALLENGE_QUESTION</TextType>
            <Timer></Timer>
          </InformationBox>
          <InformationBox>
            <Text>The term “Latin America” most accurately refers to the ?</Text>
            <TextType>CHALLENGE_DESCRIPTION</TextType>
            <Timer></Timer>
          </InformationBox>
        </InformationBoxes>
        <Timer>60</Timer>
      </LessonChallenge>
<LessonChallenge>
        <Buttons>
        </Buttons>
  <ChallengeOptions>
	<ChallengeOption>
            <ChallengeOptionType>BUTTON</ChallengeOptionType>
	  <ButtonLocationType>CHALLENGE_1</ButtonLocationType>
            <Reward>
              <Points>-2147483646</Points>
            </Reward>
	  <Text> geographic features prevented foreign imperialism  </Text>
	  <Timer></Timer>
	  <TransitionType>ADDITIONAL</TransitionType>
	  <AdditionalScreens>
		<AdditionalScreen xmlns:xsi="http://www.w3.org/2001/XMLSchema-instance" xsi:type="learningObjectiveFailure">
		  <Buttons>
			<Button>
			  <ButtonLocationType>NEXT</ButtonLocationType>
			  <Text>Retry</Text>
			  <Timer></Timer>
			  <TransitionType>CURRENT_CHALLENGE</TransitionType>
			</Button>
		  </Buttons>
		  <Characters>
			<Character>
			  <CharacterType>VILLIAN</CharacterType>
			  <Timer></Timer>
			</Character>
			<Character>
			  <CharacterType>HERO</CharacterType>
			  <Timer></Timer>
			</Character>
		  </Characters>
		  <InformationBoxes>
			<InformationBox>
			  <Text>You answered incorrectly!</Text>
			  <TextType>ALT1</TextType>
			  <Timer></Timer>
			</InformationBox>
			<InformationBox>
			  <Text>Don't worry! You can try again.</Text>
			  <TextType>HERO</TextType>
			  <Timer></Timer>
			</InformationBox>
		  </InformationBoxes>
		  <ChallengeOptions />
		  <Timer></Timer>
		</AdditionalScreen>
	  </AdditionalScreens>
	  <ChallengeOptionType>BUTTON</ChallengeOptionType>
	</ChallengeOption>
          <ChallengeOption>
            <ChallengeOptionType>BUTTON</ChallengeOptionType>
            <ButtonLocationType>CHALLENGE_2</ButtonLocationType>
            <Reward>
              <Points>-2147483646</Points>
            </Reward>
            <Text>harsh climatic conditions have prevented the development of large-scale agriculture  </Text>
            <Timer></Timer>
            <TransitionType>BEGINNING_OF_CHALLENGE</TransitionType>
          </ChallengeOption>
          <ChallengeOption>
            <ChallengeOptionType>BUTTON</ChallengeOptionType>
            <ButtonLocationType>CHALLENGE_3</ButtonLocationType>
            <Reward>
              <Points>2</Points>
            </Reward>
            <Text>the lack of geographic barriers facilitated the development of transportation and communication systems   </Text>
            <Timer></Timer>
            <TransitionType>END_OF_STORY</TransitionType>
          </ChallengeOption>
          <ChallengeOption>
            <ChallengeOptionType>BUTTON</ChallengeOptionType>
            <ButtonLocationType>CHALLENGE_4</ButtonLocationType>
            <Reward>
              <Points>-2147483646</Points>
            </Reward>
            <Text>great variations in latitude and landforms resulted in a diversity of climates </Text>
            <Timer></Timer>
            <TransitionType>BEGINNING_OF_LESSON</TransitionType>
          </ChallengeOption>
  </ChallengeOptions>
        <Characters>
          <Character>
            <CharacterType>HERO</CharacterType>
            <MovementType></MovementType>
            <Timer></Timer>
          </Character>
        </Characters>
        <InformationBoxes>
          <InformationBox>
            <Text>You can do it!!</Text>
            <TextType>HERO</TextType>
            <Timer></Timer>
          </InformationBox>
          <InformationBox>
            <Text>Using Answer:</Text>
            <TextType>CHALLENGE_QUESTION</TextType>
            <Timer></Timer>
          </InformationBox>
          <InformationBox>
            <Text>Which generalization about geography of Latin America is accurate?</Text>
            <TextType>CHALLENGE_DESCRIPTION</TextType>
            <Timer></Timer>
          </InformationBox>
        </InformationBoxes>
        <Timer>60</Timer>
      </LessonChallenge>
<LessonChallenge>
        <Buttons>
        </Buttons>
  <ChallengeOptions>
	<ChallengeOption>
            <ChallengeOptionType>BUTTON</ChallengeOptionType>
	  <ButtonLocationType>CHALLENGE_1</ButtonLocationType>
            <Reward>
              <Points>-2147483646</Points>
            </Reward>
	  <Text> a severe climate  </Text>
	  <Timer></Timer>
	  <TransitionType>ADDITIONAL</TransitionType>
	  <AdditionalScreens>
		<AdditionalScreen xmlns:xsi="http://www.w3.org/2001/XMLSchema-instance" xsi:type="learningObjectiveFailure">
		  <Buttons>
			<Button>
			  <ButtonLocationType>NEXT</ButtonLocationType>
			  <Text>Retry</Text>
			  <Timer></Timer>
			  <TransitionType>CURRENT_CHALLENGE</TransitionType>
			</Button>
		  </Buttons>
		  <Characters>
			<Character>
			  <CharacterType>VILLIAN</CharacterType>
			  <Timer></Timer>
			</Character>
			<Character>
			  <CharacterType>HERO</CharacterType>
			  <Timer></Timer>
			</Character>
		  </Characters>
		  <InformationBoxes>
			<InformationBox>
			  <Text>You answered incorrectly!</Text>
			  <TextType>ALT1</TextType>
			  <Timer></Timer>
			</InformationBox>
			<InformationBox>
			  <Text>Don't worry! You can try again.</Text>
			  <TextType>HERO</TextType>
			  <Timer></Timer>
			</InformationBox>
		  </InformationBoxes>
		  <ChallengeOptions />
		  <Timer></Timer>
		</AdditionalScreen>
	  </AdditionalScreens>
	  <ChallengeOptionType>BUTTON</ChallengeOptionType>
	</ChallengeOption>
          <ChallengeOption>
            <ChallengeOptionType>BUTTON</ChallengeOptionType>
            <ButtonLocationType>CHALLENGE_2</ButtonLocationType>
            <Reward>
              <Points>-2147483646</Points>
            </Reward>
            <Text>vast deposits of oil  </Text>
            <Timer></Timer>
            <TransitionType>BEGINNING_OF_CHALLENGE</TransitionType>
          </ChallengeOption>
          <ChallengeOption>
            <ChallengeOptionType>BUTTON</ChallengeOptionType>
            <ButtonLocationType>CHALLENGE_3</ButtonLocationType>
            <Reward>
              <Points>2</Points>
            </Reward>
            <Text>location on the great European Plain  </Text>
            <Timer></Timer>
            <TransitionType>END_OF_STORY</TransitionType>
          </ChallengeOption>
          <ChallengeOption>
            <ChallengeOptionType>BUTTON</ChallengeOptionType>
            <ButtonLocationType>CHALLENGE_4</ButtonLocationType>
            <Reward>
              <Points>-2147483646</Points>
            </Reward>
            <Text>a rugged coastline</Text>
            <Timer></Timer>
            <TransitionType>BEGINNING_OF_LESSON</TransitionType>
          </ChallengeOption>
  </ChallengeOptions>
        <Characters>
          <Character>
            <CharacterType>HERO</CharacterType>
            <MovementType></MovementType>
            <Timer></Timer>
          </Character>
        </Characters>
        <InformationBoxes>
          <InformationBox>
            <Text>You can do it!!</Text>
            <TextType>HERO</TextType>
            <Timer></Timer>
          </InformationBox>
          <InformationBox>
            <Text>Using Answer:</Text>
            <TextType>CHALLENGE_QUESTION</TextType>
            <Timer></Timer>
          </InformationBox>
          <InformationBox>
            <Text>Which geographic factor has had the most influence on Poland's historical and cultural development ?</Text>
            <TextType>CHALLENGE_DESCRIPTION</TextType>
            <Timer></Timer>
          </InformationBox>
        </InformationBoxes>
        <Timer>60</Timer>
      </LessonChallenge>
<LessonChallenge>
        <Buttons>
        </Buttons>
  <ChallengeOptions>
	<ChallengeOption>
            <ChallengeOptionType>BUTTON</ChallengeOptionType>
	  <ButtonLocationType>CHALLENGE_1</ButtonLocationType>
            <Reward>
              <Points>-2147483646</Points>
            </Reward>
	  <Text> Korea  </Text>
	  <Timer></Timer>
	  <TransitionType>ADDITIONAL</TransitionType>
	  <AdditionalScreens>
		<AdditionalScreen xmlns:xsi="http://www.w3.org/2001/XMLSchema-instance" xsi:type="learningObjectiveFailure">
		  <Buttons>
			<Button>
			  <ButtonLocationType>NEXT</ButtonLocationType>
			  <Text>Retry</Text>
			  <Timer></Timer>
			  <TransitionType>CURRENT_CHALLENGE</TransitionType>
			</Button>
		  </Buttons>
		  <Characters>
			<Character>
			  <CharacterType>VILLIAN</CharacterType>
			  <Timer></Timer>
			</Character>
			<Character>
			  <CharacterType>HERO</CharacterType>
			  <Timer></Timer>
			</Character>
		  </Characters>
		  <InformationBoxes>
			<InformationBox>
			  <Text>You answered incorrectly!</Text>
			  <TextType>ALT1</TextType>
			  <Timer></Timer>
			</InformationBox>
			<InformationBox>
			  <Text>Don't worry! You can try again.</Text>
			  <TextType>HERO</TextType>
			  <Timer></Timer>
			</InformationBox>
		  </InformationBoxes>
		  <ChallengeOptions />
		  <Timer></Timer>
		</AdditionalScreen>
	  </AdditionalScreens>
	  <ChallengeOptionType>BUTTON</ChallengeOptionType>
	</ChallengeOption>
          <ChallengeOption>
            <ChallengeOptionType>BUTTON</ChallengeOptionType>
            <ButtonLocationType>CHALLENGE_2</ButtonLocationType>
            <Reward>
              <Points>-2147483646</Points>
            </Reward>
            <Text>Vietnam </Text>
            <Timer></Timer>
            <TransitionType>BEGINNING_OF_CHALLENGE</TransitionType>
          </ChallengeOption>
          <ChallengeOption>
            <ChallengeOptionType>BUTTON</ChallengeOptionType>
            <ButtonLocationType>CHALLENGE_3</ButtonLocationType>
            <Reward>
              <Points>2</Points>
            </Reward>
            <Text>Somalia </Text>
            <Timer></Timer>
            <TransitionType>END_OF_STORY</TransitionType>
          </ChallengeOption>
          <ChallengeOption>
            <ChallengeOptionType>BUTTON</ChallengeOptionType>
            <ButtonLocationType>CHALLENGE_4</ButtonLocationType>
            <Reward>
              <Points>-2147483646</Points>
            </Reward>
            <Text>Pakistan </Text>
            <Timer></Timer>
            <TransitionType>BEGINNING_OF_LESSON</TransitionType>
          </ChallengeOption>
  </ChallengeOptions>
        <Characters>
          <Character>
            <CharacterType>HERO</CharacterType>
            <MovementType></MovementType>
            <Timer></Timer>
          </Character>
        </Characters>
        <InformationBoxes>
          <InformationBox>
            <Text>You can do it!!</Text>
            <TextType>HERO</TextType>
            <Timer></Timer>
          </InformationBox>
          <InformationBox>
            <Text>Using Answer:</Text>
            <TextType>CHALLENGE_QUESTION</TextType>
            <Timer></Timer>
          </InformationBox>
          <InformationBox>
            <Text>Which of these nations is located closet to the Philippines, Malaysia, and Indonesia?</Text>
            <TextType>CHALLENGE_DESCRIPTION</TextType>
            <Timer></Timer>
          </InformationBox>
        </InformationBoxes>
        <Timer>60</Timer>
      </LessonChallenge>
    </LessonChallenges>
</Challenge>