<?xml version="1.0" encoding="utf-8"?>
<LearningObjective>
  <Lessons>
    <Lesson>
      <LessonChallenges>
        <LessonChallenge>
          <Buttons>
          </Buttons>
		  <ChallengeOptions>
			<ChallengeOption>
              <ChallengeOptionType>BUTTON</ChallengeOptionType>
			  <ButtonLocationType>CHALLENGE_1</ButtonLocationType>
              <Reward>
                <Points>-2147483646</Points>
              </Reward>
			  <Text>2</Text>
			  <Timer></Timer>
			  <TransitionType>ADDITIONAL</TransitionType>
			  <AdditionalScreens>
				<AdditionalScreen xmlns:xsi="http://www.w3.org/2001/XMLSchema-instance" xsi:type="learningObjectiveFailure">
				  <Buttons>
					<Button>
					  <ButtonLocationType>NEXT</ButtonLocationType>
					  <Text>Retry</Text>
					  <Timer></Timer>
					  <TransitionType>CURRENT_CHALLENGE</TransitionType>
					</Button>
				  </Buttons>
				  <Characters>
					<Character>
					  <CharacterType>VILLIAN</CharacterType>
					  <Timer></Timer>
					</Character>
					<Character>
					  <CharacterType>HERO</CharacterType>
					  <Timer></Timer>
					</Character>
				  </Characters>
				  <InformationBoxes>
					<InformationBox>
					  <Text>You answered incorrectly!</Text>
					  <TextType>ALT1</TextType>
					  <Timer></Timer>
					</InformationBox>
					<InformationBox>
					  <Text>Don't worry! You can try again.</Text>
					  <TextType>HERO</TextType>
					  <Timer></Timer>
					</InformationBox>
				  </InformationBoxes>
				  <ChallengeOptions />
				  <Timer></Timer>
				</AdditionalScreen>
			  </AdditionalScreens>
			  <ChallengeOptionType>BUTTON</ChallengeOptionType>
			</ChallengeOption>
            <ChallengeOption>
              <ChallengeOptionType>BUTTON</ChallengeOptionType>
              <ButtonLocationType>CHALLENGE_2</ButtonLocationType>
              <Reward>
                <Points>-2147483646</Points>
              </Reward>
              <Text>4</Text>
              <Timer></Timer>
              <TransitionType>BEGINNING_OF_CHALLENGE</TransitionType>
            </ChallengeOption>
            <ChallengeOption>
              <ChallengeOptionType>BUTTON</ChallengeOptionType>
              <ButtonLocationType>CHALLENGE_3</ButtonLocationType>
              <Reward>
                <Points>2</Points>
              </Reward>
              <Text>6</Text>
              <Timer></Timer>
              <TransitionType>END_OF_STORY</TransitionType>
            </ChallengeOption>
            <ChallengeOption>
              <ChallengeOptionType>BUTTON</ChallengeOptionType>
              <ButtonLocationType>CHALLENGE_4</ButtonLocationType>
              <Reward>
                <Points>-2147483646</Points>
              </Reward>
              <Text>8</Text>
              <Timer></Timer>
              <TransitionType>BEGINNING_OF_LESSON</TransitionType>
            </ChallengeOption>
		  </ChallengeOptions>
          <Characters>
            <Character>
              <CharacterType>HERO</CharacterType>
              <MovementType></MovementType>
              <Timer></Timer>
            </Character>
          </Characters>
          <InformationBoxes>
            <InformationBox>
              <Text>You can do it!!</Text>
              <TextType>HERO</TextType>
              <Timer></Timer>
            </InformationBox>
            <InformationBox>
              <Text>Using Algebra solve:</Text>
              <TextType>CHALLENGE_QUESTION</TextType>
              <Timer></Timer>
            </InformationBox>
            <InformationBox>
              <Text>2 + 4</Text>
              <TextType>CHALLENGE_DESCRIPTION</TextType>
              <Timer></Timer>
            </InformationBox>
          </InformationBoxes>
          <Timer>60</Timer>
        </LessonChallenge>
      </LessonChallenges>
      <LessonScreens>
        <LessonScreen>
          <Buttons>
            <Button>
              <ButtonLocationType>NEXT</ButtonLocationType>
              <Text>Continue</Text>
              <Timer></Timer>
              <TransitionType>NEXT_SCREEN</TransitionType>
            </Button>
          </Buttons>
          <Characters>
            <Character>
              <CharacterType>HERO</CharacterType>
              <!--<MovementType>WALK_ONTO_SCREEN</MovementType>-->
              <Timer></Timer>
            </Character>
          </Characters>
          <InformationBoxes>
            <InformationBox>
              <Text>To perform the addition operator you must add together the operands. EX: 2+4=6</Text>
              <TextType>ALT1</TextType>
              <Timer></Timer>
            </InformationBox>
          </InformationBoxes>
        </LessonScreen>
      </LessonScreens>
    </Lesson>
  </Lessons>
</LearningObjective>