<?xml version="1.0" encoding="utf-8"?>
<Locale>
  <LocaleScreens>
    <entry>
      <key>LESSON</key>
      <value>
        <Background>Backdrops\Medieval.png</Background>
        <Buttons>
          <entry>
            <key>BACK</key>
            <value>
              <Height>1</Height>
              <LocX>1</LocX>
              <LocY>1</LocY>
              <Width>1</Width>
            </value>
          </entry>
          <entry>
            <key>NEXT</key>
            <value>
              <Height>48.0999755859375</Height>
              <LocX>571.96661376953125</LocX>
              <LocY>335.2166748046875</LocY>
              <Width>128.88336181640625</Width>
            </value>
          </entry>
        </Buttons>
        <Characters>
          <entry>
            <key>PLAYER</key>
            <value>
              <Height>91.26666259765625</Height>
              <LocX>135.98329162597656</LocX>
              <LocY>313.01666259765625</LocY>
              <Width>104.21666717529297</Width>
              <CharacterAssetType>RIGHT_POINT_NO</CharacterAssetType>
              <CharacterType>PLAYER</CharacterType>
              <Movements>
                <Movement>
                  <AnimationSequences>
                    <AnimationSequence>WALK_RIGHT_OPEN</AnimationSequence>
                    <AnimationSequence>WALK_LEFT_BEHIND</AnimationSequence>
                  </AnimationSequences>
                  <EndX>136</EndX>
                  <EndY>313</EndY>
                  <MovementType>WALK_ONTO_SCREEN</MovementType>
                  <Speed>1</Speed>
                  <StartX>1</StartX>
                  <StartY>313</StartY>
                </Movement>
                <Movement>
                  <AnimationSequences>
                    <AnimationSequence>WALK_RIGHT_BEHIND</AnimationSequence>
                    <AnimationSequence>WALK_LEFT_OPEN</AnimationSequence>
                  </AnimationSequences>
                  <EndX>1</EndX>
                  <EndY>313</EndY>
                  <MovementType>WALK_OFF_SCREEN</MovementType>
                  <Speed>1</Speed>
                  <StartX>136</StartX>
                  <StartY>313</StartY>
                </Movement>
              </Movements>
            </value>
          </entry>
          <entry>
            <key>HERO</key>
            <value>
              <Height>133.816650390625</Height>
              <LocX>295.08334350585938</LocX>
              <LocY>277.25</LocY>
              <Width>83.249984741210938</Width>
              <CharacterAssetType>LEFT_POINT_UP</CharacterAssetType>
              <CharacterType>HERO</CharacterType>
              <Movements>
                <Movement>
                  <AnimationSequences>
                    <AnimationSequence>WALK_RIGHT_OPEN</AnimationSequence>
                    <AnimationSequence>WALK_LEFT_BEHIND</AnimationSequence>
                  </AnimationSequences>
                  <EndX>136</EndX>
                  <EndY>313</EndY>
                  <MovementType>WALK_ONTO_SCREEN</MovementType>
                  <Speed>1</Speed>
                  <StartX>1</StartX>
                  <StartY>313</StartY>
                </Movement>
                <Movement>
                  <AnimationSequences>
                    <AnimationSequence>WALK_RIGHT_BEHIND</AnimationSequence>
                    <AnimationSequence>WALK_LEFT_OPEN</AnimationSequence>
                  </AnimationSequences>
                  <EndX>1</EndX>
                  <EndY>313</EndY>
                  <MovementType>WALK_OFF_SCREEN</MovementType>
                  <Speed>1</Speed>
                  <StartX>136</StartX>
                  <StartY>313</StartY>
                </Movement>
              </Movements>            </value>
          </entry>
          <entry>
            <key>VILLIAN</key>
            <value>
              <Height>111.61668395996094</Height>
              <LocX>444.31666564941406</LocX>
              <LocY>129.86666870117188</LocY>
              <Width>98.050003051757812</Width>
              <CharacterAssetType>LEFT_EVIL</CharacterAssetType>
              <CharacterType>VILLIAN</CharacterType>
              <Movements>
                <Movement>
                  <AnimationSequences>
                    <AnimationSequence>WALK_RIGHT_OPEN</AnimationSequence>
                    <AnimationSequence>WALK_LEFT_BEHIND</AnimationSequence>
                  </AnimationSequences>
                  <EndX>136</EndX>
                  <EndY>313</EndY>
                  <MovementType>WALK_ONTO_SCREEN</MovementType>
                  <Speed>1</Speed>
                  <StartX>1</StartX>
                  <StartY>313</StartY>
                </Movement>
                <Movement>
                  <AnimationSequences>
                    <AnimationSequence>WALK_RIGHT_BEHIND</AnimationSequence>
                    <AnimationSequence>WALK_LEFT_OPEN</AnimationSequence>
                  </AnimationSequences>
                  <EndX>1</EndX>
                  <EndY>313</EndY>
                  <MovementType>WALK_OFF_SCREEN</MovementType>
                  <Speed>1</Speed>
                  <StartX>136</StartX>
                  <StartY>313</StartY>
                </Movement>
              </Movements>
		    </value>
          </entry>
        </Characters>
        <GameObjects>
		  <!-- Player text box -->
          <GameObject>
            <Height>143.68331909179688</Height>
            <LocX>36.083301544189453</LocX>
            <LocY>194.00001525878906</LocY>
            <PathToAsset>Props\GenericInteraction\Regular Speech 2.png</PathToAsset>
            <Width>155.40000534057617</Width>
          </GameObject>
		  <!-- Hero text box -->
          <GameObject>
            <Height>79.550003051757812</Height>
            <LocX>278.43331909179688</LocX>
            <LocY>251.35002136230469</LocY>
            <PathToAsset>Props\GenericInteraction\TextBubble.png</PathToAsset>
            <Width>235.56668090820313</Width>
          </GameObject>
		  <!-- Villian text box -->
          <GameObject>
            <Height>146.15000915527344</Height>
            <LocX>68.149978637695312</LocX>
            <LocY>205.71669006347656</LocY>
            <PathToAsset>Props\GenericInteraction\TextBubble.png</PathToAsset>
            <Width>219.5333251953125</Width>
          </GameObject>
        </GameObjects>
        <InformationBoxes>
          <entry>
            <key>PLAYER</key>
            <value>
              <Height>46.866683959960938</Height>
              <LocX>61.36663818359375</LocX>
              <LocY>224.21665954589844</LocY>
              <Width>84.48333740234375</Width>
            </value>
          </entry>
          <entry>
            <key>HERO</key>
            <value>
              <Height>51.183334350585938</Height>
              <LocX>292</LocX>
              <LocY>261.83332824707031</LocY>
              <Width>207.816650390625</Width>
            </value>
          </entry>
          <entry>
            <key>VILLIAN</key>
            <value>
              <Height>107.91666436195374</Height>
              <LocX>-0.30003738403320312</LocX>
              <LocY>-1.4833300113677979</LocY>
              <Width>772.0666389465332</Width>
            </value>
          </entry>
          <entry>
            <key>ALT1</key>
            <value>
              <Height>151.70001220703125</Height>
              <LocX>9.5666418075561523</LocX>
              <LocY>129.25</LocY>
              <Width>333.00000858306885</Width>
            </value>
          </entry>
        </InformationBoxes>
      </value>
    </entry>
    <entry>
      <key>CHALLENGE</key>
      <value>
        <Background>Backdrops\Medieval.png</Background>
        <Buttons>
          <entry>
            <key>CHALLENGE_1</key>
            <value>
              <Height>33.91668701171875</Height>
              <LocX>322.83331298828125</LocX>
              <LocY>230.38333129882813</LocY>
              <Width>284.9000244140625</Width>
            </value>
          </entry>
          <entry>
            <key>CHALLENGE_2</key>
            <value>
              <Height>33.91668701171875</Height>
              <LocX>322.83331298828125</LocX>
              <LocY>265.53335571289062</LocY>
              <Width>284.9000244140625</Width>
            </value>
          </entry>
          <entry>
            <key>CHALLENGE_3</key>
            <value>
              <Height>33.91668701171875</Height>
              <LocX>322.83331298828125</LocX>
              <LocY>303.76666259765625</LocY>
              <Width>284.9000244140625</Width>
            </value>
          </entry>
          <entry>
            <key>CHALLENGE_4</key>
            <value>
              <Height>33.91668701171875</Height>
              <LocX>322.83331298828125</LocX>
              <LocY>343.23333740234375</LocY>
              <Width>284.9000244140625</Width>
            </value>
          </entry>
        </Buttons>
        <Characters>
          <entry>
            <key>PLAYER</key>
            <value>
              <Height>91.26666259765625</Height>
              <LocX>135.98329162597656</LocX>
              <LocY>313.01666259765625</LocY>
              <Width>104.21666717529297</Width>
              <CharacterAssetType>RIGHT_POINT_NO</CharacterAssetType>
              <CharacterType>PLAYER</CharacterType>
              <Movements>
                <Movement>
                  <AnimationSequences>
                    <AnimationSequence>WALK_RIGHT_OPEN</AnimationSequence>
                    <AnimationSequence>WALK_LEFT_BEHIND</AnimationSequence>
                  </AnimationSequences>
                  <EndX>136</EndX>
                  <EndY>313</EndY>
                  <MovementType>WALK_ONTO_SCREEN</MovementType>
                  <Speed>1</Speed>
                  <StartX>1</StartX>
                  <StartY>313</StartY>
                </Movement>
                <Movement>
                  <AnimationSequences>
                    <AnimationSequence>WALK_RIGHT_BEHIND</AnimationSequence>
                    <AnimationSequence>WALK_LEFT_OPEN</AnimationSequence>
                  </AnimationSequences>
                  <EndX>1</EndX>
                  <EndY>313</EndY>
                  <MovementType>WALK_OFF_SCREEN</MovementType>
                  <Speed>1</Speed>
                  <StartX>136</StartX>
                  <StartY>313</StartY>
                </Movement>
              </Movements>
            </value>
          </entry>
          <entry>
            <key>HERO</key>
            <value>
              <Height>133.816650390625</Height>
              <LocX>295.08334350585938</LocX>
              <LocY>277.25</LocY>
              <Width>83.249984741210938</Width>
              <CharacterAssetType>LEFT_POINT_UP</CharacterAssetType>
              <CharacterType>HERO</CharacterType>
              <Movements>
                <Movement>
                  <AnimationSequences>
                    <AnimationSequence>WALK_RIGHT_OPEN</AnimationSequence>
                    <AnimationSequence>WALK_LEFT_BEHIND</AnimationSequence>
                  </AnimationSequences>
                  <EndX>136</EndX>
                  <EndY>313</EndY>
                  <MovementType>WALK_ONTO_SCREEN</MovementType>
                  <Speed>1</Speed>
                  <StartX>1</StartX>
                  <StartY>313</StartY>
                </Movement>
                <Movement>
                  <AnimationSequences>
                    <AnimationSequence>WALK_RIGHT_BEHIND</AnimationSequence>
                    <AnimationSequence>WALK_LEFT_OPEN</AnimationSequence>
                  </AnimationSequences>
                  <EndX>1</EndX>
                  <EndY>313</EndY>
                  <MovementType>WALK_OFF_SCREEN</MovementType>
                  <Speed>1</Speed>
                  <StartX>136</StartX>
                  <StartY>313</StartY>
                </Movement>
              </Movements>            </value>
          </entry>
          <entry>
            <key>VILLIAN</key>
            <value>
              <Height>111.61668395996094</Height>
              <LocX>444.31666564941406</LocX>
              <LocY>129.86666870117188</LocY>
              <Width>98.050003051757812</Width>
              <CharacterAssetType>LEFT_EVIL</CharacterAssetType>
              <CharacterType>VILLIAN</CharacterType>
              <Movements>
                <Movement>
                  <AnimationSequences>
                    <AnimationSequence>WALK_RIGHT_OPEN</AnimationSequence>
                    <AnimationSequence>WALK_LEFT_BEHIND</AnimationSequence>
                  </AnimationSequences>
                  <EndX>136</EndX>
                  <EndY>313</EndY>
                  <MovementType>WALK_ONTO_SCREEN</MovementType>
                  <Speed>1</Speed>
                  <StartX>1</StartX>
                  <StartY>313</StartY>
                </Movement>
                <Movement>
                  <AnimationSequences>
                    <AnimationSequence>WALK_RIGHT_BEHIND</AnimationSequence>
                    <AnimationSequence>WALK_LEFT_OPEN</AnimationSequence>
                  </AnimationSequences>
                  <EndX>1</EndX>
                  <EndY>313</EndY>
                  <MovementType>WALK_OFF_SCREEN</MovementType>
                  <Speed>1</Speed>
                  <StartX>136</StartX>
                  <StartY>313</StartY>
                </Movement>
              </Movements>
		    </value>
          </entry>
        </Characters>
        <GameObjects>
		  <!-- Hero text bubble -->
          <GameObject>
            <Height>61.666656494140625</Height>
            <LocX>69.383308410644531</LocX>
            <LocY>273.55001831054688</LocY>
            <PathToAsset>Props\GenericInteraction\TextBubbleLarge.png</PathToAsset>
            <Width>164.65000152587891</Width>
          </GameObject>
        </GameObjects>
        <InformationBoxes>
          <entry>
            <key>CHALLENGE_DESCRIPTION</key>
            <value>
              <Height>49.95001220703125</Height>
              <LocX>184.08331298828125</LocX>
              <LocY>115.68333435058594</LocY>
              <Width>568.566650390625</Width>
            </value>
          </entry>
          <entry>
            <key>CHALLENGE_QUESTION</key>
            <value>
              <Height>56.116668701171875</Height>
              <LocX>186.54997253417969</LocX>
              <LocY>171.18333435058594</LocY>
              <Width>562.40003967285156</Width>
            </value>
          </entry>
          <entry>
            <key>HERO</key>
            <value>
              <Height>40.70001220703125</Height>
              <LocX>76.783298492431641</LocX>
              <LocY>280.94998168945312</LocY>
              <Width>149.23333358764648</Width>
            </value>
          </entry>
        </InformationBoxes>
      </value>
    </entry>
    <entry>
      <key>FAILURE</key>
      <value>
        <Background>Backdrops\Medieval.png</Background>
        <Buttons>
          <entry>
            <key>BACK</key>
            <value>
              <Height>1</Height>
              <LocX>1</LocX>
              <LocY>1</LocY>
              <Width>1</Width>
            </value>
          </entry>
          <entry>
            <key>NEXT</key>
            <value>
              <Height>48.0999755859375</Height>
              <LocX>571.96661376953125</LocX>
              <LocY>335.2166748046875</LocY>
              <Width>128.88336181640625</Width>
            </value>
          </entry>
        </Buttons>
        <Characters>
          <entry>
            <key>PLAYER</key>
            <value>
              <Height>91.26666259765625</Height>
              <LocX>135.98329162597656</LocX>
              <LocY>313.01666259765625</LocY>
              <Width>104.21666717529297</Width>
              <CharacterAssetType>RIGHT_POINT_NO</CharacterAssetType>
              <CharacterType>PLAYER</CharacterType>
              <Movements>
                <Movement>
                  <AnimationSequences>
                    <AnimationSequence>WALK_RIGHT_OPEN</AnimationSequence>
                    <AnimationSequence>WALK_LEFT_BEHIND</AnimationSequence>
                  </AnimationSequences>
                  <EndX>136</EndX>
                  <EndY>313</EndY>
                  <MovementType>WALK_ONTO_SCREEN</MovementType>
                  <Speed>1</Speed>
                  <StartX>1</StartX>
                  <StartY>313</StartY>
                </Movement>
                <Movement>
                  <AnimationSequences>
                    <AnimationSequence>WALK_RIGHT_BEHIND</AnimationSequence>
                    <AnimationSequence>WALK_LEFT_OPEN</AnimationSequence>
                  </AnimationSequences>
                  <EndX>1</EndX>
                  <EndY>313</EndY>
                  <MovementType>WALK_OFF_SCREEN</MovementType>
                  <Speed>1</Speed>
                  <StartX>136</StartX>
                  <StartY>313</StartY>
                </Movement>
              </Movements>
            </value>
          </entry>
          <entry>
            <key>HERO</key>
            <value>
              <Height>133.816650390625</Height>
              <LocX>295.08334350585938</LocX>
              <LocY>277.25</LocY>
              <Width>83.249984741210938</Width>
              <CharacterAssetType>LEFT_POINT_UP</CharacterAssetType>
              <CharacterType>HERO</CharacterType>
              <Movements>
                <Movement>
                  <AnimationSequences>
                    <AnimationSequence>WALK_RIGHT_OPEN</AnimationSequence>
                    <AnimationSequence>WALK_LEFT_BEHIND</AnimationSequence>
                  </AnimationSequences>
                  <EndX>136</EndX>
                  <EndY>313</EndY>
                  <MovementType>WALK_ONTO_SCREEN</MovementType>
                  <Speed>1</Speed>
                  <StartX>1</StartX>
                  <StartY>313</StartY>
                </Movement>
                <Movement>
                  <AnimationSequences>
                    <AnimationSequence>WALK_RIGHT_BEHIND</AnimationSequence>
                    <AnimationSequence>WALK_LEFT_OPEN</AnimationSequence>
                  </AnimationSequences>
                  <EndX>1</EndX>
                  <EndY>313</EndY>
                  <MovementType>WALK_OFF_SCREEN</MovementType>
                  <Speed>1</Speed>
                  <StartX>136</StartX>
                  <StartY>313</StartY>
                </Movement>
              </Movements>            </value>
          </entry>
          <entry>
            <key>VILLIAN</key>
            <value>
              <Height>111.61668395996094</Height>
              <LocX>444.31666564941406</LocX>
              <LocY>129.86666870117188</LocY>
              <Width>98.050003051757812</Width>
              <CharacterAssetType>LEFT_EVIL</CharacterAssetType>
              <CharacterType>VILLIAN</CharacterType>
              <Movements>
                <Movement>
                  <AnimationSequences>
                    <AnimationSequence>WALK_RIGHT_OPEN</AnimationSequence>
                    <AnimationSequence>WALK_LEFT_BEHIND</AnimationSequence>
                  </AnimationSequences>
                  <EndX>136</EndX>
                  <EndY>313</EndY>
                  <MovementType>WALK_ONTO_SCREEN</MovementType>
                  <Speed>1</Speed>
                  <StartX>1</StartX>
                  <StartY>313</StartY>
                </Movement>
                <Movement>
                  <AnimationSequences>
                    <AnimationSequence>WALK_RIGHT_BEHIND</AnimationSequence>
                    <AnimationSequence>WALK_LEFT_OPEN</AnimationSequence>
                  </AnimationSequences>
                  <EndX>1</EndX>
                  <EndY>313</EndY>
                  <MovementType>WALK_OFF_SCREEN</MovementType>
                  <Speed>1</Speed>
                  <StartX>136</StartX>
                  <StartY>313</StartY>
                </Movement>
              </Movements>
		    </value>
          </entry>
        </Characters>
        <GameObjects>
		  <!-- Player text box -->
          <GameObject>
            <Height>143.68331909179688</Height>
            <LocX>36.083301544189453</LocX>
            <LocY>194.00001525878906</LocY>
            <PathToAsset>Props\GenericInteraction\Regular Speech 2.png</PathToAsset>
            <Width>155.40000534057617</Width>
          </GameObject>
		  <!-- Hero text box -->
          <GameObject>
            <Height>79.550003051757812</Height>
            <LocX>278.43331909179688</LocX>
            <LocY>251.35002136230469</LocY>
            <PathToAsset>Props\GenericInteraction\TextBubble.png</PathToAsset>
            <Width>235.56668090820313</Width>
          </GameObject>
		  <!-- Villian text box -->
          <GameObject>
            <Height>146.15000915527344</Height>
            <LocX>68.149978637695312</LocX>
            <LocY>205.71669006347656</LocY>
            <PathToAsset>Props\GenericInteraction\TextBubble.png</PathToAsset>
            <Width>219.5333251953125</Width>
          </GameObject>
        </GameObjects>
        <InformationBoxes>
          <entry>
            <key>PLAYER</key>
            <value>
              <Height>46.866683959960938</Height>
              <LocX>61.36663818359375</LocX>
              <LocY>224.21665954589844</LocY>
              <Width>84.48333740234375</Width>
            </value>
          </entry>
          <entry>
            <key>HERO</key>
            <value>
              <Height>51.183334350585938</Height>
              <LocX>292</LocX>
              <LocY>261.83332824707031</LocY>
              <Width>207.816650390625</Width>
            </value>
          </entry>
          <entry>
            <key>VILLIAN</key>
            <value>
              <Height>107.91666436195374</Height>
              <LocX>-0.30003738403320312</LocX>
              <LocY>-1.4833300113677979</LocY>
              <Width>772.0666389465332</Width>
            </value>
          </entry>
          <entry>
            <key>ALT1</key>
            <value>
              <Height>151.70001220703125</Height>
              <LocX>9.5666418075561523</LocX>
              <LocY>129.25</LocY>
              <Width>333.00000858306885</Width>
            </value>
          </entry>
        </InformationBoxes>
      </value>
    </entry>
    <entry>
      <key>LESSON_STORY_INTRO</key>
      <value>
        <Background>Backdrops\Medieval.png</Background>
        <Buttons>
          <entry>
            <key>BACK</key>
            <value>
              <Height>1</Height>
              <LocX>1</LocX>
              <LocY>1</LocY>
              <Width>1</Width>
            </value>
          </entry>
          <entry>
            <key>NEXT</key>
            <value>
              <Height>48.0999755859375</Height>
              <LocX>571.96661376953125</LocX>
              <LocY>335.2166748046875</LocY>
              <Width>128.88336181640625</Width>
            </value>
          </entry>
        </Buttons>
        <Characters>
          <entry>
            <key>PLAYER</key>
            <value>
              <Height>91.26666259765625</Height>
              <LocX>135.98329162597656</LocX>
              <LocY>313.01666259765625</LocY>
              <Width>104.21666717529297</Width>
              <CharacterAssetType>RIGHT_POINT_NO</CharacterAssetType>
              <CharacterType>PLAYER</CharacterType>
              <Movements>
                <Movement>
                  <AnimationSequences>
                    <AnimationSequence>WALK_RIGHT_OPEN</AnimationSequence>
                    <AnimationSequence>WALK_LEFT_BEHIND</AnimationSequence>
                  </AnimationSequences>
                  <EndX>136</EndX>
                  <EndY>313</EndY>
                  <MovementType>WALK_ONTO_SCREEN</MovementType>
                  <Speed>1</Speed>
                  <StartX>1</StartX>
                  <StartY>313</StartY>
                </Movement>
                <Movement>
                  <AnimationSequences>
                    <AnimationSequence>WALK_RIGHT_BEHIND</AnimationSequence>
                    <AnimationSequence>WALK_LEFT_OPEN</AnimationSequence>
                  </AnimationSequences>
                  <EndX>1</EndX>
                  <EndY>313</EndY>
                  <MovementType>WALK_OFF_SCREEN</MovementType>
                  <Speed>1</Speed>
                  <StartX>136</StartX>
                  <StartY>313</StartY>
                </Movement>
              </Movements>
            </value>
          </entry>
          <entry>
            <key>HERO</key>
            <value>
              <Height>133.816650390625</Height>
              <LocX>295.08334350585938</LocX>
              <LocY>277.25</LocY>
              <Width>83.249984741210938</Width>
              <CharacterAssetType>LEFT_POINT_UP</CharacterAssetType>
              <CharacterType>HERO</CharacterType>
              <Movements>
                <Movement>
                  <AnimationSequences>
                    <AnimationSequence>WALK_RIGHT_OPEN</AnimationSequence>
                    <AnimationSequence>WALK_LEFT_BEHIND</AnimationSequence>
                  </AnimationSequences>
                  <EndX>136</EndX>
                  <EndY>313</EndY>
                  <MovementType>WALK_ONTO_SCREEN</MovementType>
                  <Speed>1</Speed>
                  <StartX>1</StartX>
                  <StartY>313</StartY>
                </Movement>
                <Movement>
                  <AnimationSequences>
                    <AnimationSequence>WALK_RIGHT_BEHIND</AnimationSequence>
                    <AnimationSequence>WALK_LEFT_OPEN</AnimationSequence>
                  </AnimationSequences>
                  <EndX>1</EndX>
                  <EndY>313</EndY>
                  <MovementType>WALK_OFF_SCREEN</MovementType>
                  <Speed>1</Speed>
                  <StartX>136</StartX>
                  <StartY>313</StartY>
                </Movement>
              </Movements>            </value>
          </entry>
          <entry>
            <key>VILLIAN</key>
            <value>
              <Height>111.61668395996094</Height>
              <LocX>444.31666564941406</LocX>
              <LocY>129.86666870117188</LocY>
              <Width>98.050003051757812</Width>
              <CharacterAssetType>LEFT_EVIL</CharacterAssetType>
              <CharacterType>VILLIAN</CharacterType>
              <Movements>
                <Movement>
                  <AnimationSequences>
                    <AnimationSequence>WALK_RIGHT_OPEN</AnimationSequence>
                    <AnimationSequence>WALK_LEFT_BEHIND</AnimationSequence>
                  </AnimationSequences>
                  <EndX>136</EndX>
                  <EndY>313</EndY>
                  <MovementType>WALK_ONTO_SCREEN</MovementType>
                  <Speed>1</Speed>
                  <StartX>1</StartX>
                  <StartY>313</StartY>
                </Movement>
                <Movement>
                  <AnimationSequences>
                    <AnimationSequence>WALK_RIGHT_BEHIND</AnimationSequence>
                    <AnimationSequence>WALK_LEFT_OPEN</AnimationSequence>
                  </AnimationSequences>
                  <EndX>1</EndX>
                  <EndY>313</EndY>
                  <MovementType>WALK_OFF_SCREEN</MovementType>
                  <Speed>1</Speed>
                  <StartX>136</StartX>
                  <StartY>313</StartY>
                </Movement>
              </Movements>
		    </value>
          </entry>
        </Characters>
        <GameObjects>
		  <!-- Player text box -->
          <GameObject>
            <Height>143.68331909179688</Height>
            <LocX>36.083301544189453</LocX>
            <LocY>194.00001525878906</LocY>
            <PathToAsset>Props\GenericInteraction\Regular Speech 2.png</PathToAsset>
            <Width>155.40000534057617</Width>
          </GameObject>
		  <!-- Hero text box -->
          <GameObject>
            <Height>79.550003051757812</Height>
            <LocX>278.43331909179688</LocX>
            <LocY>251.35002136230469</LocY>
            <PathToAsset>Props\GenericInteraction\TextBubble.png</PathToAsset>
            <Width>235.56668090820313</Width>
          </GameObject>
		  <!-- Villian text box -->
          <GameObject>
            <Height>146.15000915527344</Height>
            <LocX>68.149978637695312</LocX>
            <LocY>205.71669006347656</LocY>
            <PathToAsset>Props\GenericInteraction\TextBubble.png</PathToAsset>
            <Width>219.5333251953125</Width>
          </GameObject>
        </GameObjects>
        <InformationBoxes>
          <entry>
            <key>PLAYER</key>
            <value>
              <Height>46.866683959960938</Height>
              <LocX>61.36663818359375</LocX>
              <LocY>224.21665954589844</LocY>
              <Width>84.48333740234375</Width>
            </value>
          </entry>
          <entry>
            <key>HERO</key>
            <value>
              <Height>51.183334350585938</Height>
              <LocX>292</LocX>
              <LocY>261.83332824707031</LocY>
              <Width>207.816650390625</Width>
            </value>
          </entry>
          <entry>
            <key>VILLIAN</key>
            <value>
              <Height>107.91666436195374</Height>
              <LocX>-0.30003738403320312</LocX>
              <LocY>-1.4833300113677979</LocY>
              <Width>772.0666389465332</Width>
            </value>
          </entry>
          <entry>
            <key>ALT1</key>
            <value>
              <Height>151.70001220703125</Height>
              <LocX>9.5666418075561523</LocX>
              <LocY>129.25</LocY>
              <Width>333.00000858306885</Width>
            </value>
          </entry>
        </InformationBoxes>
      </value>
    </entry>
    <entry>
      <key>LESSON_STORY_OUTRO</key>
      <value>
        <Background>Backdrops\Medieval.png</Background>
        <Buttons>
          <entry>
            <key>BACK</key>
            <value>
              <Height>1</Height>
              <LocX>1</LocX>
              <LocY>1</LocY>
              <Width>1</Width>
            </value>
          </entry>
          <entry>
            <key>NEXT</key>
            <value>
              <Height>48.0999755859375</Height>
              <LocX>571.96661376953125</LocX>
              <LocY>335.2166748046875</LocY>
              <Width>128.88336181640625</Width>
            </value>
          </entry>
        </Buttons>
        <Characters>
          <entry>
            <key>PLAYER</key>
            <value>
              <Height>91.26666259765625</Height>
              <LocX>135.98329162597656</LocX>
              <LocY>313.01666259765625</LocY>
              <Width>104.21666717529297</Width>
              <CharacterAssetType>RIGHT_POINT_NO</CharacterAssetType>
              <CharacterType>PLAYER</CharacterType>
              <Movements>
                <Movement>
                  <AnimationSequences>
                    <AnimationSequence>WALK_RIGHT_OPEN</AnimationSequence>
                    <AnimationSequence>WALK_LEFT_BEHIND</AnimationSequence>
                  </AnimationSequences>
                  <EndX>136</EndX>
                  <EndY>313</EndY>
                  <MovementType>WALK_ONTO_SCREEN</MovementType>
                  <Speed>1</Speed>
                  <StartX>1</StartX>
                  <StartY>313</StartY>
                </Movement>
                <Movement>
                  <AnimationSequences>
                    <AnimationSequence>WALK_RIGHT_BEHIND</AnimationSequence>
                    <AnimationSequence>WALK_LEFT_OPEN</AnimationSequence>
                  </AnimationSequences>
                  <EndX>1</EndX>
                  <EndY>313</EndY>
                  <MovementType>WALK_OFF_SCREEN</MovementType>
                  <Speed>1</Speed>
                  <StartX>136</StartX>
                  <StartY>313</StartY>
                </Movement>
              </Movements>
            </value>
          </entry>
          <entry>
            <key>HERO</key>
            <value>
              <Height>133.816650390625</Height>
              <LocX>295.08334350585938</LocX>
              <LocY>277.25</LocY>
              <Width>83.249984741210938</Width>
              <CharacterAssetType>LEFT_POINT_UP</CharacterAssetType>
              <CharacterType>HERO</CharacterType>
              <Movements>
                <Movement>
                  <AnimationSequences>
                    <AnimationSequence>WALK_RIGHT_OPEN</AnimationSequence>
                    <AnimationSequence>WALK_LEFT_BEHIND</AnimationSequence>
                  </AnimationSequences>
                  <EndX>136</EndX>
                  <EndY>313</EndY>
                  <MovementType>WALK_ONTO_SCREEN</MovementType>
                  <Speed>1</Speed>
                  <StartX>1</StartX>
                  <StartY>313</StartY>
                </Movement>
                <Movement>
                  <AnimationSequences>
                    <AnimationSequence>WALK_RIGHT_BEHIND</AnimationSequence>
                    <AnimationSequence>WALK_LEFT_OPEN</AnimationSequence>
                  </AnimationSequences>
                  <EndX>1</EndX>
                  <EndY>313</EndY>
                  <MovementType>WALK_OFF_SCREEN</MovementType>
                  <Speed>1</Speed>
                  <StartX>136</StartX>
                  <StartY>313</StartY>
                </Movement>
              </Movements>            </value>
          </entry>
          <entry>
            <key>VILLIAN</key>
            <value>
              <Height>111.61668395996094</Height>
              <LocX>444.31666564941406</LocX>
              <LocY>129.86666870117188</LocY>
              <Width>98.050003051757812</Width>
              <CharacterAssetType>LEFT_EVIL</CharacterAssetType>
              <CharacterType>VILLIAN</CharacterType>
              <Movements>
                <Movement>
                  <AnimationSequences>
                    <AnimationSequence>WALK_RIGHT_OPEN</AnimationSequence>
                    <AnimationSequence>WALK_LEFT_BEHIND</AnimationSequence>
                  </AnimationSequences>
                  <EndX>136</EndX>
                  <EndY>313</EndY>
                  <MovementType>WALK_ONTO_SCREEN</MovementType>
                  <Speed>1</Speed>
                  <StartX>1</StartX>
                  <StartY>313</StartY>
                </Movement>
                <Movement>
                  <AnimationSequences>
                    <AnimationSequence>WALK_RIGHT_BEHIND</AnimationSequence>
                    <AnimationSequence>WALK_LEFT_OPEN</AnimationSequence>
                  </AnimationSequences>
                  <EndX>1</EndX>
                  <EndY>313</EndY>
                  <MovementType>WALK_OFF_SCREEN</MovementType>
                  <Speed>1</Speed>
                  <StartX>136</StartX>
                  <StartY>313</StartY>
                </Movement>
              </Movements>
		    </value>
          </entry>
        </Characters>
        <GameObjects>
		  <!-- Player text box -->
          <GameObject>
            <Height>143.68331909179688</Height>
            <LocX>36.083301544189453</LocX>
            <LocY>194.00001525878906</LocY>
            <PathToAsset>Props\GenericInteraction\Regular Speech 2.png</PathToAsset>
            <Width>155.40000534057617</Width>
          </GameObject>
		  <!-- Hero text box -->
          <GameObject>
            <Height>79.550003051757812</Height>
            <LocX>278.43331909179688</LocX>
            <LocY>251.35002136230469</LocY>
            <PathToAsset>Props\GenericInteraction\TextBubble.png</PathToAsset>
            <Width>235.56668090820313</Width>
          </GameObject>
		  <!-- Villian text box -->
          <GameObject>
            <Height>146.15000915527344</Height>
            <LocX>68.149978637695312</LocX>
            <LocY>205.71669006347656</LocY>
            <PathToAsset>Props\GenericInteraction\TextBubble.png</PathToAsset>
            <Width>219.5333251953125</Width>
          </GameObject>
        </GameObjects>
        <InformationBoxes>
          <entry>
            <key>PLAYER</key>
            <value>
              <Height>46.866683959960938</Height>
              <LocX>61.36663818359375</LocX>
              <LocY>224.21665954589844</LocY>
              <Width>84.48333740234375</Width>
            </value>
          </entry>
          <entry>
            <key>HERO</key>
            <value>
              <Height>51.183334350585938</Height>
              <LocX>292</LocX>
              <LocY>261.83332824707031</LocY>
              <Width>207.816650390625</Width>
            </value>
          </entry>
          <entry>
            <key>VILLIAN</key>
            <value>
              <Height>107.91666436195374</Height>
              <LocX>-0.30003738403320312</LocX>
              <LocY>-1.4833300113677979</LocY>
              <Width>772.0666389465332</Width>
            </value>
          </entry>
          <entry>
            <key>ALT1</key>
            <value>
              <Height>151.70001220703125</Height>
              <LocX>9.5666418075561523</LocX>
              <LocY>129.25</LocY>
              <Width>333.00000858306885</Width>
            </value>
          </entry>
        </InformationBoxes>
      </value>
    </entry>
  </LocaleScreens>
</Locale>