<?xml version="1.0" encoding="UTF-8" standalone="yes"?>
<Locale>
    <LocaleScreens>
        <entry>
            <key>LESSON_STORY_OUTRO</key>
            <value>
                <Background>locale screen background</Background>
                <Buttons>
                    <entry>
                        <key>CHALLENGE_2</key>
                        <value>
                            <Height>10.0</Height>
                            <LocX>10.0</LocX>
                            <LocY>10.0</LocY>
                            <Width>10.0</Width>
                            <name></name>
                        </value>
                    </entry>
                    <entry>
                        <key>NEXT</key>
                        <value>
                            <Height>10.0</Height>
                            <LocX>10.0</LocX>
                            <LocY>10.0</LocY>
                            <Width>10.0</Width>
                            <name></name>
                        </value>
                    </entry>
                    <entry>
                        <key>CHALLENGE_1</key>
                        <value>
                            <Height>10.0</Height>
                            <LocX>10.0</LocX>
                            <LocY>10.0</LocY>
                            <Width>10.0</Width>
                            <name></name>
                        </value>
                    </entry>
                </Buttons>
                <Characters>
                    <entry>
                        <key>HERO</key>
                        <value>
                            <Height>100.0</Height>
                            <LocX>200.0</LocX>
                            <LocY>200.0</LocY>
                            <Width>100.0</Width>
                            <CharacterType>HERO</CharacterType>
                            <Movements>
<Movement>
    <EndX>5.0</EndX>
    <EndY>5.0</EndY>
    <MovementType>WALK_ONTO_SCREEN</MovementType>
    <Speed>1.0</Speed>
    <StartX>1.0</StartX>
    <StartY>1.0</StartY>
</Movement>
                            </Movements>
                        </value>
                    </entry>
                    <entry>
                        <key>ALT</key>
                        <value>
                            <Height>100.0</Height>
                            <LocX>200.0</LocX>
                            <LocY>200.0</LocY>
                            <Width>100.0</Width>
                            <CharacterType>ALT</CharacterType>
                            <Movements>
<Movement>
    <EndX>5.0</EndX>
    <EndY>5.0</EndY>
    <MovementType>WALK_ONTO_SCREEN</MovementType>
    <Speed>1.0</Speed>
    <StartX>1.0</StartX>
    <StartY>1.0</StartY>
</Movement>
                            </Movements>
                        </value>
                    </entry>
                    <entry>
                        <key>VILLIAN</key>
                        <value>
                            <Height>100.0</Height>
                            <LocX>200.0</LocX>
                            <LocY>200.0</LocY>
                            <Width>100.0</Width>
                            <CharacterType>VILLIAN</CharacterType>
                            <Movements>
<Movement>
    <EndX>5.0</EndX>
    <EndY>5.0</EndY>
    <MovementType>WALK_ONTO_SCREEN</MovementType>
    <Speed>1.0</Speed>
    <StartX>1.0</StartX>
    <StartY>1.0</StartY>
</Movement>
                            </Movements>
                        </value>
                    </entry>
                </Characters>
                <GameObjects>
                    <GameObject>
                        <Height>100.0</Height>
                        <LocX>100.0</LocX>
                        <LocY>100.0</LocY>
                        <PathToAsset></PathToAsset>
                        <Width>100.0</Width>
                    </GameObject>
                </GameObjects>
                <InformationBoxes>
                    <entry>
                        <key>HERO</key>
                        <value>
                            <Height>100.0</Height>
                            <LocX>100.0</LocX>
                            <LocY>100.0</LocY>
                            <PathToAsset></PathToAsset>
                            <Width>100.0</Width>
                            <name>hero</name>
                        </value>
                    </entry>
                </InformationBoxes>
            </value>
        </entry>
        <entry>
            <key>FAILURE</key>
            <value>
                <Background>locale screen background</Background>
                <Buttons>
                    <entry>
                        <key>CHALLENGE_2</key>
                        <value>
                            <Height>10.0</Height>
                            <LocX>10.0</LocX>
                            <LocY>10.0</LocY>
                            <Width>10.0</Width>
                            <name></name>
                        </value>
                    </entry>
                    <entry>
                        <key>NEXT</key>
                        <value>
                            <Height>10.0</Height>
                            <LocX>10.0</LocX>
                            <LocY>10.0</LocY>
                            <Width>10.0</Width>
                            <name></name>
                        </value>
                    </entry>
                    <entry>
                        <key>CHALLENGE_1</key>
                        <value>
                            <Height>10.0</Height>
                            <LocX>10.0</LocX>
                            <LocY>10.0</LocY>
                            <Width>10.0</Width>
                            <name></name>
                        </value>
                    </entry>
                </Buttons>
                <Characters>
                    <entry>
                        <key>HERO</key>
                        <value>
                            <Height>100.0</Height>
                            <LocX>200.0</LocX>
                            <LocY>200.0</LocY>
                            <Width>100.0</Width>
                            <CharacterType>HERO</CharacterType>
                            <Movements>
<Movement>
    <EndX>5.0</EndX>
    <EndY>5.0</EndY>
    <MovementType>WALK_ONTO_SCREEN</MovementType>
    <Speed>1.0</Speed>
    <StartX>1.0</StartX>
    <StartY>1.0</StartY>
</Movement>
                            </Movements>
                        </value>
                    </entry>
                    <entry>
                        <key>ALT</key>
                        <value>
                            <Height>100.0</Height>
                            <LocX>200.0</LocX>
                            <LocY>200.0</LocY>
                            <Width>100.0</Width>
                            <CharacterType>ALT</CharacterType>
                            <Movements>
<Movement>
    <EndX>5.0</EndX>
    <EndY>5.0</EndY>
    <MovementType>WALK_ONTO_SCREEN</MovementType>
    <Speed>1.0</Speed>
    <StartX>1.0</StartX>
    <StartY>1.0</StartY>
</Movement>
                            </Movements>
                        </value>
                    </entry>
                    <entry>
                        <key>VILLIAN</key>
                        <value>
                            <Height>100.0</Height>
                            <LocX>200.0</LocX>
                            <LocY>200.0</LocY>
                            <Width>100.0</Width>
                            <CharacterType>VILLIAN</CharacterType>
                            <Movements>
<Movement>
    <EndX>5.0</EndX>
    <EndY>5.0</EndY>
    <MovementType>WALK_ONTO_SCREEN</MovementType>
    <Speed>1.0</Speed>
    <StartX>1.0</StartX>
    <StartY>1.0</StartY>
</Movement>
                            </Movements>
                        </value>
                    </entry>
                </Characters>
                <GameObjects>
                    <GameObject>
                        <Height>100.0</Height>
                        <LocX>100.0</LocX>
                        <LocY>100.0</LocY>
                        <PathToAsset></PathToAsset>
                        <Width>100.0</Width>
                    </GameObject>
                </GameObjects>
                <InformationBoxes>
                    <entry>
                        <key>HERO</key>
                        <value>
                            <Height>100.0</Height>
                            <LocX>100.0</LocX>
                            <LocY>100.0</LocY>
                            <PathToAsset></PathToAsset>
                            <Width>100.0</Width>
                            <name>hero</name>
                        </value>
                    </entry>
                </InformationBoxes>
            </value>
        </entry>
        <entry>
            <key>CHALLENGE</key>
            <value>
                <Background>locale screen background</Background>
                <Buttons>
                    <entry>
                        <key>CHALLENGE_2</key>
                        <value>
                            <Height>10.0</Height>
                            <LocX>10.0</LocX>
                            <LocY>10.0</LocY>
                            <Width>10.0</Width>
                            <name></name>
                        </value>
                    </entry>
                    <entry>
                        <key>NEXT</key>
                        <value>
                            <Height>10.0</Height>
                            <LocX>10.0</LocX>
                            <LocY>10.0</LocY>
                            <Width>10.0</Width>
                            <name></name>
                        </value>
                    </entry>
                    <entry>
                        <key>CHALLENGE_1</key>
                        <value>
                            <Height>10.0</Height>
                            <LocX>10.0</LocX>
                            <LocY>10.0</LocY>
                            <Width>10.0</Width>
                            <name></name>
                        </value>
                    </entry>
                </Buttons>
                <Characters>
                    <entry>
                        <key>HERO</key>
                        <value>
                            <Height>100.0</Height>
                            <LocX>200.0</LocX>
                            <LocY>200.0</LocY>
                            <Width>100.0</Width>
                            <CharacterType>HERO</CharacterType>
                            <Movements>
<Movement>
    <EndX>5.0</EndX>
    <EndY>5.0</EndY>
    <MovementType>WALK_ONTO_SCREEN</MovementType>
    <Speed>1.0</Speed>
    <StartX>1.0</StartX>
    <StartY>1.0</StartY>
</Movement>
                            </Movements>
                        </value>
                    </entry>
                    <entry>
                        <key>ALT</key>
                        <value>
                            <Height>100.0</Height>
                            <LocX>200.0</LocX>
                            <LocY>200.0</LocY>
                            <Width>100.0</Width>
                            <CharacterType>ALT</CharacterType>
                            <Movements>
<Movement>
    <EndX>5.0</EndX>
    <EndY>5.0</EndY>
    <MovementType>WALK_ONTO_SCREEN</MovementType>
    <Speed>1.0</Speed>
    <StartX>1.0</StartX>
    <StartY>1.0</StartY>
</Movement>
                            </Movements>
                        </value>
                    </entry>
                    <entry>
                        <key>VILLIAN</key>
                        <value>
                            <Height>100.0</Height>
                            <LocX>200.0</LocX>
                            <LocY>200.0</LocY>
                            <Width>100.0</Width>
                            <CharacterType>VILLIAN</CharacterType>
                            <Movements>
<Movement>
    <EndX>5.0</EndX>
    <EndY>5.0</EndY>
    <MovementType>WALK_ONTO_SCREEN</MovementType>
    <Speed>1.0</Speed>
    <StartX>1.0</StartX>
    <StartY>1.0</StartY>
</Movement>
                            </Movements>
                        </value>
                    </entry>
                </Characters>
                <GameObjects>
                    <GameObject>
                        <Height>100.0</Height>
                        <LocX>100.0</LocX>
                        <LocY>100.0</LocY>
                        <PathToAsset></PathToAsset>
                        <Width>100.0</Width>
                    </GameObject>
                </GameObjects>
                <InformationBoxes>
                    <entry>
                        <key>HERO</key>
                        <value>
                            <Height>100.0</Height>
                            <LocX>100.0</LocX>
                            <LocY>100.0</LocY>
                            <PathToAsset></PathToAsset>
                            <Width>100.0</Width>
                            <name>hero</name>
                        </value>
                    </entry>
                </InformationBoxes>
            </value>
        </entry>
        <entry>
            <key>LESSON_STORY_INTRO</key>
            <value>
                <Background>locale screen background</Background>
                <Buttons>
                    <entry>
                        <key>CHALLENGE_2</key>
                        <value>
                            <Height>10.0</Height>
                            <LocX>10.0</LocX>
                            <LocY>10.0</LocY>
                            <Width>10.0</Width>
                            <name></name>
                        </value>
                    </entry>
                    <entry>
                        <key>NEXT</key>
                        <value>
                            <Height>10.0</Height>
                            <LocX>10.0</LocX>
                            <LocY>10.0</LocY>
                            <Width>10.0</Width>
                            <name></name>
                        </value>
                    </entry>
                    <entry>
                        <key>CHALLENGE_1</key>
                        <value>
                            <Height>10.0</Height>
                            <LocX>10.0</LocX>
                            <LocY>10.0</LocY>
                            <Width>10.0</Width>
                            <name></name>
                        </value>
                    </entry>
                </Buttons>
                <Characters>
                    <entry>
                        <key>HERO</key>
                        <value>
                            <Height>100.0</Height>
                            <LocX>200.0</LocX>
                            <LocY>200.0</LocY>
                            <Width>100.0</Width>
                            <CharacterType>HERO</CharacterType>
                            <Movements>
<Movement>
    <EndX>5.0</EndX>
    <EndY>5.0</EndY>
    <MovementType>WALK_ONTO_SCREEN</MovementType>
    <Speed>1.0</Speed>
    <StartX>1.0</StartX>
    <StartY>1.0</StartY>
</Movement>
                            </Movements>
                        </value>
                    </entry>
                    <entry>
                        <key>ALT</key>
                        <value>
                            <Height>100.0</Height>
                            <LocX>200.0</LocX>
                            <LocY>200.0</LocY>
                            <Width>100.0</Width>
                            <CharacterType>ALT</CharacterType>
                            <Movements>
<Movement>
    <EndX>5.0</EndX>
    <EndY>5.0</EndY>
    <MovementType>WALK_ONTO_SCREEN</MovementType>
    <Speed>1.0</Speed>
    <StartX>1.0</StartX>
    <StartY>1.0</StartY>
</Movement>
                            </Movements>
                        </value>
                    </entry>
                    <entry>
                        <key>VILLIAN</key>
                        <value>
                            <Height>100.0</Height>
                            <LocX>200.0</LocX>
                            <LocY>200.0</LocY>
                            <Width>100.0</Width>
                            <CharacterType>VILLIAN</CharacterType>
                            <Movements>
<Movement>
    <EndX>5.0</EndX>
    <EndY>5.0</EndY>
    <MovementType>WALK_ONTO_SCREEN</MovementType>
    <Speed>1.0</Speed>
    <StartX>1.0</StartX>
    <StartY>1.0</StartY>
</Movement>
                            </Movements>
                        </value>
                    </entry>
                </Characters>
                <GameObjects>
                    <GameObject>
                        <Height>100.0</Height>
                        <LocX>100.0</LocX>
                        <LocY>100.0</LocY>
                        <PathToAsset></PathToAsset>
                        <Width>100.0</Width>
                    </GameObject>
                </GameObjects>
                <InformationBoxes>
                    <entry>
                        <key>HERO</key>
                        <value>
                            <Height>100.0</Height>
                            <LocX>100.0</LocX>
                            <LocY>100.0</LocY>
                            <PathToAsset></PathToAsset>
                            <Width>100.0</Width>
                            <name>hero</name>
                        </value>
                    </entry>
                </InformationBoxes>
            </value>
        </entry>
        <entry>
            <key>LESSON</key>
            <value>
                <Background>locale screen background</Background>
                <Buttons>
                    <entry>
                        <key>CHALLENGE_2</key>
                        <value>
                            <Height>10.0</Height>
                            <LocX>10.0</LocX>
                            <LocY>10.0</LocY>
                            <Width>10.0</Width>
                            <name></name>
                        </value>
                    </entry>
                    <entry>
                        <key>NEXT</key>
                        <value>
                            <Height>10.0</Height>
                            <LocX>10.0</LocX>
                            <LocY>10.0</LocY>
                            <Width>10.0</Width>
                            <name></name>
                        </value>
                    </entry>
                    <entry>
                        <key>CHALLENGE_1</key>
                        <value>
                            <Height>10.0</Height>
                            <LocX>10.0</LocX>
                            <LocY>10.0</LocY>
                            <Width>10.0</Width>
                            <name></name>
                        </value>
                    </entry>
                </Buttons>
                <Characters>
                    <entry>
                        <key>HERO</key>
                        <value>
                            <Height>100.0</Height>
                            <LocX>200.0</LocX>
                            <LocY>200.0</LocY>
                            <Width>100.0</Width>
                            <CharacterType>HERO</CharacterType>
                            <Movements>
<Movement>
    <EndX>5.0</EndX>
    <EndY>5.0</EndY>
    <MovementType>WALK_ONTO_SCREEN</MovementType>
    <Speed>1.0</Speed>
    <StartX>1.0</StartX>
    <StartY>1.0</StartY>
</Movement>
                            </Movements>
                        </value>
                    </entry>
                    <entry>
                        <key>ALT</key>
                        <value>
                            <Height>100.0</Height>
                            <LocX>200.0</LocX>
                            <LocY>200.0</LocY>
                            <Width>100.0</Width>
                            <CharacterType>ALT</CharacterType>
                            <Movements>
<Movement>
    <EndX>5.0</EndX>
    <EndY>5.0</EndY>
    <MovementType>WALK_ONTO_SCREEN</MovementType>
    <Speed>1.0</Speed>
    <StartX>1.0</StartX>
    <StartY>1.0</StartY>
</Movement>
                            </Movements>
                        </value>
                    </entry>
                    <entry>
                        <key>VILLIAN</key>
                        <value>
                            <Height>100.0</Height>
                            <LocX>200.0</LocX>
                            <LocY>200.0</LocY>
                            <Width>100.0</Width>
                            <CharacterType>VILLIAN</CharacterType>
                            <Movements>
<Movement>
    <EndX>5.0</EndX>
    <EndY>5.0</EndY>
    <MovementType>WALK_ONTO_SCREEN</MovementType>
    <Speed>1.0</Speed>
    <StartX>1.0</StartX>
    <StartY>1.0</StartY>
</Movement>
                            </Movements>
                        </value>
                    </entry>
                </Characters>
                <GameObjects>
                    <GameObject>
                        <Height>100.0</Height>
                        <LocX>100.0</LocX>
                        <LocY>100.0</LocY>
                        <PathToAsset></PathToAsset>
                        <Width>100.0</Width>
                    </GameObject>
                </GameObjects>
                <InformationBoxes>
                    <entry>
                        <key>HERO</key>
                        <value>
                            <Height>100.0</Height>
                            <LocX>100.0</LocX>
                            <LocY>100.0</LocY>
                            <PathToAsset></PathToAsset>
                            <Width>100.0</Width>
                            <name>hero</name>
                        </value>
                    </entry>
                </InformationBoxes>
            </value>
        </entry>
    </LocaleScreens>
</Locale>
