<?xml version="1.0" encoding="utf-8"?>
<NPCCharacter>
  <Alt>
    <Directory>character_1</Directory>
    <Name>Chareeeesa</Name>
    <Prefix>char1</Prefix>
  </Alt>
  <Hero>
    <Directory>character_19</Directory>
    <Name>Sir Solvesalot</Name>
    <Prefix>char19</Prefix>
  </Hero>
  <Villain>
    <Directory>character_22</Directory>
    <Name>Calcutron</Name>
    <Prefix>char22</Prefix>
  </Villain>
  <Player>
    <Directory>character_15</Directory>
    <Name>Siva</Name>
    <Prefix>char15</Prefix>
  </Player>
</NPCCharacter>