<Lesson>
    <LessonScreens>
      <LessonScreen>
        <Buttons>
          <Button>
            <ButtonLocationType>NEXT</ButtonLocationType>
            <Text>Continue</Text>
            <Timer></Timer>
            <TransitionType>NEXT_SCREEN</TransitionType>
          </Button>
        </Buttons>
        <Characters>
          <Character>
            <CharacterType>Hero</CharacterType>
            <Timer></Timer>
          </Character>
        </Characters>
        <InformationBoxes>
          <InformationBox>
            <Text>Hey Gooble users welcome to the class</Text>
            <TextType>ALT1</TextType>
            <Timer></Timer>
          </InformationBox>
        </InformationBoxes>
      </LessonScreen>
<LessonScreen>
        <Buttons>
          <Button>
            <ButtonLocationType>NEXT</ButtonLocationType>
            <Text>Continue</Text>
            <Timer></Timer>
            <TransitionType>NEXT_SCREEN</TransitionType>
          </Button>
        </Buttons>
        <Characters>
          <Character>
            <CharacterType>Hero</CharacterType>
            <Timer></Timer>
          </Character>
        </Characters>
        <InformationBoxes>
          <InformationBox>
            <Text>Your heart beats around 100000 times a day, 36500000 times a year and over a billion times if you live beyond 30. 
Red blood cells carry oxygen around the body. They are created inside the bone marrow of your bones.
		</Text>
            <TextType>ALT1</TextType>
            <Timer></Timer>
          </InformationBox>
        </InformationBoxes>
      </LessonScreen>
<LessonScreen>
        <Buttons>
          <Button>
            <ButtonLocationType>NEXT</ButtonLocationType>
            <Text>Continue</Text>
            <Timer></Timer>
            <TransitionType>NEXT_SCREEN</TransitionType>
          </Button>
        </Buttons>
        <Characters>
          <Character>
            <CharacterType>Hero</CharacterType>
            <Timer></Timer>
          </Character>
        </Characters>
        <InformationBoxes>
          <InformationBox>
            <Text>The colour of a humans skin is determined by the level of pigment melanin that the body produces. Those with small amounts of melanin have light skin while those with large amounts have dark skin.
		</Text>
            <TextType>ALT1</TextType>
            <Timer></Timer>
          </InformationBox>
        </InformationBoxes>
      </LessonScreen>
<LessonScreen>
        <Buttons>
          <Button>
            <ButtonLocationType>NEXT</ButtonLocationType>
            <Text>Continue</Text>
            <Timer></Timer>
            <TransitionType>NEXT_SCREEN</TransitionType>
          </Button>
        </Buttons>
        <Characters>
          <Character>
            <CharacterType>Hero</CharacterType>
            <Timer></Timer>
          </Character>
        </Characters>
        <InformationBoxes>
          <InformationBox>
            <Text>Humans have a stage of sleep that features rapid eye movement (REM). REM sleep makes up around 25% of total sleep time and is often when you have your most vivid dreams.
		</Text>
            <TextType>ALT1</TextType>
            <Timer></Timer>
          </InformationBox>
        </InformationBoxes>
      </LessonScreen>
    </LessonScreens>
</Lesson>